arquivo,transcricao
itub4.pdf,"Atualizado em 14/03/2024, as 23h31
Dados da Companhia
Nome de Pregao: ITAUUNIBANCO
Codigos de Negociacao:Mais Codigos
ITUB3; ITUB4
CNPJ: 60.872.504/0001-23
Atividade Principal:A Sociedade Tem Por Objeto A Atividade
Bancaria em Todas As Modalidades
Autorizadas. Inclusive A de Operacoes de
Cambio.
Classicacao Setorial:Financeiro / Intermediarios Financeiros /
Bancos
Site:www.itau-unibanco.com.br/relacoes-com-
investidores (http://www.itau-
unibanco.com.br/relacoes-com-
investidores)
Contatos
Plantao de Noticias delay de 15 min.
14/03/2024
ITAUUNIBANCO (ITUB-N1) - Ato Homologatorio do Banco Central - 07/03/24
11/03/2024
ITAUUNIBANCO (ITUB-N1) - VM Posicao Individual (Cia,Controladas e
Coligadas)
06/03/2024
ITAUUNIBANCO (ITUB-N1) - Fato Relevante - 04/03/24 (N)Dados Economico-Financeiros - R$ - mil
Ver dados no formato
ConsolidadoCompliance
Multas Aplicadas por descumprimento das obrigacoes
Balanco Patrimonial - Consolidado 31/12/2023 31/12/2022
Ativo Imobilizado, Investimentos e Intangivel 32.499.000 30.881.000
Ativo Total 2.543.100.0002.321.066.000
Patrimonio Liquido 199.050.000 177.107.000
Patrimonio Liquido Atribuido a Controladora 190.177.000 167.717.000
Demonstracao do Resultado - Consolidado01/01/2023 a
31/12/202301/01/2022 a
31/12/2022
Receita da Intermediacao Financeira 313.221.000259.026.000
Resultado Bruto da Intermediacao Financeira 124.526.000 114.542.000
Resultado de Equivalencia Patrimonial 920.000 672.000
Resultado Liquido das Operacoes Continuadas 33.877.000 30.242.000
Lucro (Prejuizo) do Periodo 33.877.000 30.242.000
Lucro (Prejuizo) do Periodo Atribuido a Controladora 33.105.000 29.207.000
04/03/2024
ITAUUNIBANCO (ITUB-N1) - Calendario de Eventos Corporativos - ate 31/12/24
(R)
04/03/2024
ITAUUNIBANCO (ITUB-N1) - Politica de Remuneracao - 29/02/24
MAIS NOTICIASDemonstracao do Fluxo de Caixa - Consolidado01/01/2023 a
31/12/202301/01/2022 a
31/12/2022
Atividades Operacionais 77.493.000 129.633.000
Atividades de Investimento (31.230.000)(73.270.000)
Atividades de Financiamento (22.448.000)(31.714.000)
Variacao Cambial sobre Caixa e Equivalentes (11.529.000)(24.279.000)
Aumento (Reducao) de Caixa e Equivalentes 12.286.000 370.000
Posicao Acionaria*
Nome %ON %PN %Total
Blackrock.inc 0,00 7,22 3,57
Gqg Partners Llc 0,00 5,23 2,59
Itausa S.A. 39,21 0,00 19,83
Iupar - Itau Unibanco Participacoes S.A. 51,71 0,00 26,15
Outros 9,08 87,46 47,82
Acoes Tesouraria 0,00 0,09 0,04
Total 100,00 100,00 100,00
Informacao recebida em 14/03/2024.
(*)Posicao dos acionistas com mais de 5% das acoes de cada especie.
Acoes em Circulacao no Mercado
25/04/2023
Tipos de Investidores / Acoes Quantidade Percentual
Pessoas Fisicas 464.049 -
Pessoas Juridicas 12.903 -
Investidores Institucionais 1.422 -
Quantidade de Acoes Ordinarias 384.672.066 7,76
Quantidade de Acoes Preferenciais 4.800.834.364 99,07
Total de Acoes 5.185.506.430 52,89Composicao do Capital Social
- 31/01/2021
Ordinarias 4.958.290.359
Preferenciais 4.845.844.989
Total 9.804.135.348"
elet3.pdf,"Atualizado em 14/03/2024, as 23h14
Dados da Companhia
Nome de Pregao: ELETROBRAS
Codigos de Negociacao:Mais Codigos
ELET3; ELET5; ELET6
CNPJ: 00.001.180/0001-26
Atividade Principal:Empresa Holding de Geracao. Transmissao
de Energia
Classicacao Setorial:Utilidade Publica / Energia Eletrica /
Energia Eletrica
Site:www.eletrobras.com
(http://www.eletrobras.com)
Contatos
Plantao de Noticias delay de 15 min.
15/03/2024
ELETROBRAS (ELET-N1) - Outros Comunicados ao Mercado - 15/03/24
14/03/2024
ELETROBRAS (ELET-N1) - Outros Comunicados ao Mercado - 14/03/24
14/03/2024
ELETROBRAS (ELET-N1) - Apresentacao a analistas/agentes mercado -
14/03/24
14/03/2024
ELETROBRAS (ELET-N1) - Dados Financeiros - Press-release - 31/12/23Dados Economico-Financeiros - R$ - mil
Ver dados no formato
ConsolidadoCompliance
Multas Aplicadas por descumprimento das obrigacoes
Balanco Patrimonial - Consolidado 31/12/2023 31/12/2022
Ativo Imobilizado, Investimentos e Intangivel 148.876.345 148.705.808
Ativo Total 267.057.654 270.217.462
Patrimonio Liquido 112.464.644 111.028.636
Patrimonio Liquido Atribuido a Controladora 112.333.372 110.504.796
Demonstracao do Resultado - Consolidado01/01/2023 a
31/12/202301/01/2022 a
31/12/2022
Receita de Venda 37.158.908 34.074.233
Resultado Bruto 18.485.409 18.216.623
Resultado de Equivalencia Patrimonial 2.062.090 2.369.777
Resultado Financeiro (12.002.121) (4.373.595)
Resultado Liquido das Operacoes Continuadas 4.726.875 2.651.597
Lucro (Prejuizo) do Periodo 4.394.861 3.638.382
Lucro (Prejuizo) do Periodo Atribuido a Controladora 4.549.774 3.635.377
14/03/2024
ELETROBRAS (ELET-N1) - Dem. Financeiras Anuais Completas - 31/12/23
MAIS NOTICIASDemonstracao do Fluxo de Caixa - Consolidado01/01/2023 a
31/12/202301/01/2022 a
31/12/2022
Atividades Operacionais 8.242.958 4.799.820
Atividades de Investimento 819.418 (24.325.739)
Atividades de Financiamento (6.755.131) 30.072.386
Variacao Cambial sobre Caixa e Equivalentes 0 0
Aumento (Reducao) de Caixa e Equivalentes 2.307.245 10.546.467
Posicao Acionaria*
Nome %ON %PN %Total
3g Radar Gestora de Recursos Ltda. 0,02 10,80 1,33
Banco Do Nordeste 0,06 0,00 0,05
Banco Nacional de Desenvolvimento Economico E Social  Bndes 3,68 6,52 4,02
Bb Gestao de Recursos Dtvm S.A 1,06 0,75 1,03
Bndes Participacoes S.A. - Bndespar 3,55 6,67 3,93
Caixa de Previdencia Dos Func. Do Banco Do Brasil 0,93 0,37 0,86
Caixa D.t.v.m. 1,88 0,07 1,66
Fundo de Investimento Caixa Fghab Multimercado 0,05 0,00 0,04
Fundo Nacional de Desenvolvimento - Fnd 2,25 0,00 1,98
Geracao Futuro L. Par Fia 0,07 7,87 1,02
Gic Private 6,40 2,83 5,97
Petros 0,24 0,02 0,22
Uniao Federal 32,95 0,00 28,95
Vic Dtvm 0,01 0,13 0,03
Victor Adler 0,00 0,02 0,00
Outros 44,39 61,50 46,47
Acoes Tesouraria 2,46 2,44 2,46
Total 100,00100,00100,00
Informacao recebida em 25/01/2024.
(*)Posicao dos acionistas com mais de 5% das acoes de cada especie.Acoes em Circulacao no Mercado
27/04/2023
Tipos de Investidores / Acoes Quantidade Percentual
Pessoas Fisicas 134.891 -
Pessoas Juridicas 9.466 -
Investidores Institucionais 1.390 -
Quantidade de Acoes Ordinarias 2.013.846.657 99,35
Quantidade de Acoes Preferenciais 275.669.374 98,44
Total de Acoes 2.289.516.031 99,24
Composicao do Capital Social
- 05/01/2023
Ordinarias 2.027.011.498
Preferenciais 280.088.314
Total 2.307.099.812"
hapv3.pdf,"Atualizado em 14/03/2024, as 23h26
Dados da Companhia
Nome de Pregao: HAPVIDA
Codigos de Negociacao:Mais Codigos
HAPV3; HAPV99
CNPJ: 05.197.443/0001-38
Atividade Principal:Participacao. Como Socia Ou Acionista. em
Outras Empresas. Predominantemente de
Assistencia Medica. Bem Como A
Realizacao de Investimentos Diretos E A
Exploracao de Atividades de Prestacao de
Servicos
Classicacao Setorial:Saude / Serv.Med.Hospit..Analises e
Diagnosticos / Serv.Med.Hospit..Analises e
Diagnosticos
Site:www.hapvida.com.br
(http://www.hapvida.com.br)
Contatos
Plantao de Noticias delay de 15 min.
11/03/2024
HAPVIDA (HAPV-NM) - VM Posicao Individual (Cia,Controladas e Coligadas)
04/03/2024
HAPVIDA (HAPV-NM) - Plano de Remuneracao em Acoes - 20/12/23
MAIS NOTICIASDados Economico-Financeiros - R$ - mil
Ver dados no formato
Consolidado
Balanco Patrimonial - Consolidado 30/09/2023 31/12/2022
Ativo Imobilizado, Investimentos e Intangivel 58.208.836 59.061.848
Ativo Total 74.771.863 73.213.730
Patrimonio Liquido 49.123.078 48.756.711
Patrimonio Liquido Atribuido a Controladora 49.114.428 48.749.437
Demonstracao do Resultado - Consolidado01/01/2023 a
30/09/202301/01/2022 a
30/09/2022
Receita de Venda 20.447.881 17.246.350
Resultado Bruto 5.072.501 4.149.893
Resultado de Equivalencia Patrimonial 0 0
Resultado Financeiro (1.048.379) (776.208)
Resultado Liquido das Operacoes Continuadas (713.066) (459.168)
Lucro (Prejuizo) do Periodo (709.393) (459.168)
Lucro (Prejuizo) do Periodo Atribuido a Controladora (709.118) (460.566)
Demonstracao do Fluxo de Caixa - Consolidado01/01/2023 a
30/09/202301/01/2022 a
30/09/2022
Atividades Operacionais 1.809.501 813.149
Atividades de Investimento (995.928) 1.814.807
Atividades de Financiamento (1.440.584) (2.406.505)
Variacao Cambial sobre Caixa e Equivalentes 0 0
Aumento (Reducao) de Caixa e Equivalentes (627.011) 221.451
Posicao Acionaria*
Nome %ON %PN %Total
Ana Christina Fontoura Koren de Lima 0,53 0,00 0,53
Blackrock. Inc. 5,14 0,00 5,14Nome %ON %PN %Total
Candido Pinheiro Koren de Lima 0,55 0,00 0,55
Candido Pinheiro Koren de Lima Junior 0,45 0,00 0,45
Jorge Fontoura Pinheiro Koren de Lima 0,57 0,00 0,57
Ppar Pinheiro Participacoes S.A. 33,89 0,00 33,89
Outros 58,29 0,00 58,29
Acoes Tesouraria 0,59 0,00 0,59
Total 100,00 0,00 100,00
Informacao recebida em 10/01/2024.
(*)Posicao dos acionistas com mais de 5% das acoes de cada especie.
Acoes em Circulacao no Mercado
25/04/2022
Tipos de Investidores / Acoes Quantidade Percentual
Pessoas Fisicas 48.099 -
Pessoas Juridicas 300 -
Investidores Institucionais 2.237 -
Quantidade de Acoes Ordinarias 4.455.957.762 62,37
Total de Acoes 4.455.957.762 62,37
Composicao do Capital Social
- 12/04/2023
Ordinarias 7.539.463.263
Preferenciais 0
Total 7.539.463.263"
vamo3.pdf,"Atualizado em 14/03/2024, as 23h49
Dados da Companhia
Nome de Pregao: VAMOS
Codigos de Negociacao:Mais Codigos
VAMO3
CNPJ: 23.373.000/0001-32
Atividade Principal:Locacao E Venda de Caminhoes . Maquinas
E Equipamentos Pesados E A Prestacao de
Servicos de Manutencao de Frota. Tanto
Preventiva. Quanto Corretiva.
Classicacao Setorial:Consumo Ciclico / Diversos / Aluguel de
carros
Site:http://www.grupovamos.com.br/
(http://http://www.grupovamos.com.br/)
Contatos
Dados Economico-Financeiros - R$ - milPlantao de Noticias delay de 15 min.
11/03/2024
VAMOS (VAMO-NM) - VM Posicao Individual (Cia,Controladas e Coligadas)
05/03/2024
VAMOS (VAMO-NM) - Calendario de Eventos Corporativos - ate 31/12/24 (R)
MAIS NOTICIASVer dados no formato
Consolidado
Balanco Patrimonial - Consolidado 30/09/2023 31/12/2022
Ativo Imobilizado, Investimentos e Intangivel 13.271.083 12.250.835
Ativo Total 19.219.164 16.675.416
Patrimonio Liquido 4.878.781 3.638.888
Patrimonio Liquido Atribuido a Controladora 4.878.781 3.638.888
Demonstracao do Resultado - Consolidado01/01/2023 a
30/09/202301/01/2022 a
30/09/2022
Receita de Venda 4.632.745 3.522.021
Resultado Bruto 2.053.244 1.470.709
Resultado de Equivalencia Patrimonial 0 0
Resultado Financeiro (1.178.667) (549.810)
Resultado Liquido das Operacoes Continuadas 391.527 414.354
Lucro (Prejuizo) do Periodo 391.527 414.354
Lucro (Prejuizo) do Periodo Atribuido a Controladora 391.527 414.354
Demonstracao do Fluxo de Caixa - Consolidado01/01/2023 a
30/09/202301/01/2022 a
30/09/2022
Atividades Operacionais (1.683.442) (2.715.876)
Atividades de Investimento (279.335) (127.105)
Atividades de Financiamento 2.263.417 2.773.527
Variacao Cambial sobre Caixa e Equivalentes 0 0
Aumento (Reducao) de Caixa e Equivalentes 300.640 (69.454)
Posicao Acionaria*
Nome %ON %PN %Total
Simpar S.A. 54,82 0,00 54,82
Outros 44,47 0,00 44,47
Acoes Tesouraria 0,72 0,00 0,72Nome %ON %PN %Total
Total 100,00 0,00 100,00
Informacao recebida em 20/02/2024.
(*)Posicao dos acionistas com mais de 5% das acoes de cada especie.
Acoes em Circulacao no Mercado
28/04/2022
Tipos de Investidores / Acoes Quantidade Percentual
Pessoas Fisicas 7 -
Pessoas Juridicas 501 -
Investidores Institucionais 1.207 -
Quantidade de Acoes Ordinarias 314.724.970 30,69
Total de Acoes 314.724.970 30,69
Composicao do Capital Social
- 29/06/2023
Ordinarias 1.104.324.569
Preferenciais 0
Total 1.104.324.569"
ciel3.pdf,"Atualizado em 14/03/2024, as 23h16
Dados da Companhia
Nome de Pregao: CIELO
Codigos de Negociacao:Mais Codigos
CIEL3
CNPJ: 01.027.058/0001-91
Atividade Principal:Empresa Prestadora de Servicos de
Adquirencia E Meios de Pagamento.
Classicacao Setorial:Financeiro / Servicos Financeiros Diversos /
Servicos Financeiros Diversos
Site: www.cielo.com.br (http://www.cielo.com.br)
Contatos
Plantao de Noticias delay de 15 min.
15/03/2024
CIELO (CIEL-NM) - Aviso aos Acionistas - 15/03/24 (N)
15/03/2024
CIELO (CIEL-NM) - Aviso aos Acionistas - 15/03/24
08/03/2024
CIELO (CIEL-NM) - Outros Comunicados ao Mercado - 08/03/24
06/03/2024
CIELO (CIEL-NM) - Ata Reuniao do Conselho de Administracao - 28/02/24
04/03/2024
CIELO (CIEL-NM) - Edital de Convocacao de AGESP - 02/04/24 (R)Dados Economico-Financeiros - R$ - mil
Ver dados no formato
ConsolidadoCompliance
Multas Aplicadas por descumprimento das obrigacoes
Balanco Patrimonial - Consolidado 31/12/2023 31/12/2022
Ativo Imobilizado, Investimentos e Intangivel 9.647.801 10.078.007
Ativo Total 107.782.200 109.784.818
Patrimonio Liquido 14.984.852 13.816.772
Patrimonio Liquido Atribuido a Controladora 12.281.359 10.950.834
Demonstracao do Resultado - Consolidado01/01/2023 a
31/12/202301/01/2022 a
31/12/2022
Receita de Venda 10.601.105 10.693.106
Resultado Bruto 4.991.656 4.424.352
Resultado de Equivalencia Patrimonial 0 0
Resultado Financeiro (154.653) (386.300)
Resultado Liquido das Operacoes Continuadas 2.468.466 1.714.680
Lucro (Prejuizo) do Periodo 2.468.466 1.714.680
Lucro (Prejuizo) do Periodo Atribuido a Controladora 2.087.137 1.411.468
Demonstracao do Fluxo de Caixa - Consolidado01/01/2023 a
31/12/202301/01/2022 a
31/12/2022
Atividades Operacionais 959.307 (2.131.202)
Atividades de Investimento (505.864) (55.181)MAIS NOTICIASDemonstracao do Fluxo de Caixa - Consolidado01/01/2023 a
31/12/202301/01/2022 a
31/12/2022
Atividades de Financiamento (1.082.145) (1.270.954)
Variacao Cambial sobre Caixa e Equivalentes 0 0
Aumento (Reducao) de Caixa e Equivalentes (628.702) (3.457.337)
Posicao Acionaria*
Nome %ON %PN %Total
Bb Elo Cartoes Participacoes S.A. 28,65 0,00 28,65
Quixaba Empreendimentos E Participacoes Ltda 30,06 0,00 30,06
Outros 40,38 0,00 40,38
Acoes Tesouraria 0,92 0,00 0,92
Total 100,00 0,00 100,00
Informacao recebida em 10/01/2024.
(*)Posicao dos acionistas com mais de 5% das acoes de cada especie.
Acoes em Circulacao no Mercado
27/04/2022
Tipos de Investidores / Acoes Quantidade Percentual
Pessoas Fisicas 184.967 -
Pessoas Juridicas 1.292 -
Investidores Institucionais 291 -
Quantidade de Acoes Ordinarias 1.095.401.258 40,32
Total de Acoes 1.095.401.258 40,32
Composicao do Capital Social
- 20/04/2018
Ordinarias 2.716.815.061
Preferenciais 0
Total 2.716.815.061"
vale3.pdf,"Atualizado em 14/03/2024, as 23h49
Dados da Companhia
Nome de Pregao: VALE
Codigos de Negociacao:Mais Codigos
VALE3
CNPJ: 33.592.510/0001-54
Atividade Principal: Mineracao
Classicacao Setorial:Materiais Basicos / Mineracao / Minerais
Metalicos
Contatos
Plantao de Noticias delay de 15 min.
12/03/2024
VALE (VALE-NM) - Outros Comunicados ao Mercado - 12/03/24
12/03/2024
VALE (VALE-NM) - Outros Comunicados ao Mercado - 11/03/24
11/03/2024
VALE (VALE-NM) - Aviso aos Acionistas - 11/03/24 (N)
11/03/2024
VALE (VALE-NM) - Aviso aos Acionistas - 11/03/24
11/03/2024
VALE (VALE-NM) - Fato Relevante - 08/03/24Dados Economico-Financeiros - R$ - mil
Ver dados no formato
ConsolidadoCompliance
Multas Aplicadas por descumprimento das obrigacoes
Balanco Patrimonial - Consolidado 31/12/2023 31/12/2022
Ativo Imobilizado, Investimentos e Intangivel 299.672.000 297.274.000
Ativo Total 455.984.000 453.387.000
Patrimonio Liquido 198.325.000194.894.000
Patrimonio Liquido Atribuido a Controladora 190.965.000 187.112.000
Demonstracao do Resultado - Consolidado01/01/2023 a
31/12/202301/01/2022 a
31/12/2022
Receita de Venda 208.066.000226.508.000
Resultado Bruto 88.050.000 102.313.000
Resultado de Equivalencia Patrimonial (5.434.000) 1.616.000
Resultado Financeiro (9.718.000) 11.378.000
Resultado Liquido das Operacoes Continuadas 40.554.000 86.519.000
Lucro (Prejuizo) do Periodo 40.554.000 96.337.000
Lucro (Prejuizo) do Periodo Atribuido a Controladora 39.940.000 95.924.000
Demonstracao do Fluxo de Caixa - Consolidado01/01/2023 a
31/12/202301/01/2022 a
31/12/2022
Atividades Operacionais 65.905.000 58.201.000
Atividades de Investimento (31.425.000)(24.176.000)MAIS NOTICIASDemonstracao do Fluxo de Caixa - Consolidado01/01/2023 a
31/12/202301/01/2022 a
31/12/2022
Atividades de Financiamento (37.002.000)(71.005.000)
Variacao Cambial sobre Caixa e Equivalentes (4.715.000) (3.718.000)
Aumento (Reducao) de Caixa e Equivalentes (7.237.000)(40.698.000)
Posicao Acionaria*
Nome %ON %PN %Total
Blackrock. Inc. 6,12 0,00 6,12
Caixa de Previdencia Dos Funcionarios Do Banco Do Brasil  Previ 8,68 0,00 8,68
Governo Federal 0,00100,00 0,00
Mitsui Amp; Co.. Ltd 6,31 0,00 6,31
Outros 76,48 0,00 76,48
Acoes Tesouraria 2,41 0,00 2,41
Total 100,00100,00100,00
Informacao recebida em 11/03/2024.
(*)Posicao dos acionistas com mais de 5% das acoes de cada especie.
Acoes em Circulacao no Mercado
29/04/2022
Tipos de Investidores / Acoes Quantidade Percentual
Pessoas Fisicas 510.874 -
Pessoas Juridicas 13.871 -
Investidores Institucionais 2.342 -
Quantidade de Acoes Ordinarias 4.448.529.763 98,01
Total de Acoes 4.448.529.763 98,01
Composicao do Capital Social
- 02/03/2023
Ordinarias 4.539.007.568- 02/03/2023
Preferenciais 12
Total 4.539.007.580"
taee11.pdf,"Atualizado em 14/03/2024, as 23h47
Dados da Companhia
Nome de Pregao: TAESA
Codigos de Negociacao:Mais Codigos
TAEE11; TAEE3; TAEE4
CNPJ: 07.859.971/0001-30
Atividade Principal: Transmissao de Energia Eletrica.
Classicacao Setorial:Utilidade Publica / Energia Eletrica /
Energia Eletrica
Site:www.taesa.com.br
(http://www.taesa.com.br)
Contatos
Plantao de Noticias delay de 15 min.
14/03/2024
TAESA (TAEE-N2) - Aviso aos Debenturistas - 14/03/24
07/03/2024
TAESA (TAEE-N2) - Demonstracoes Financeiras - DFP de 31/12/23
07/03/2024
TAESA (TAEE-N2) - Ata Reuniao do Conselho de Administracao - 06/03/24
07/03/2024
TAESA (TAEE-N2) - Ata Reuniao do Conselho de Administracao - 06/03/24
07/03/2024
TAESA (TAEE-N2) - Dados Financeiros - Press-release - 31/12/23Dados Economico-Financeiros - R$ - mil
Ver dados no formato
ConsolidadoCompliance
Multas Aplicadas por descumprimento das obrigacoes
Balanco Patrimonial - Consolidado 31/12/2023 31/12/2022
Ativo Imobilizado, Investimentos e Intangivel 3.889.620 3.951.961
Ativo Total 19.448.656 17.309.081
Patrimonio Liquido 6.679.310 6.570.476
Patrimonio Liquido Atribuido a Controladora 6.679.310 6.570.476
Demonstracao do Resultado - Consolidado01/01/2023 a
31/12/202301/01/2022 a
31/12/2022
Receita de Venda 3.362.116 2.616.517
Resultado Bruto 2.121.396 2.118.069
Resultado de Equivalencia Patrimonial 427.513 564.887
Resultado Financeiro (903.822) (737.557)
Resultado Liquido das Operacoes Continuadas 1.367.834 1.449.215
Lucro (Prejuizo) do Periodo 1.367.834 1.449.215
Lucro (Prejuizo) do Periodo Atribuido a Controladora 1.367.834 1.449.215
Demonstracao do Fluxo de Caixa - Consolidado01/01/2023 a
31/12/202301/01/2022 a
31/12/2022
Atividades Operacionais 756.402 2.010.871
Atividades de Investimento (75.297) (311.208)MAIS NOTICIASDemonstracao do Fluxo de Caixa - Consolidado01/01/2023 a
31/12/202301/01/2022 a
31/12/2022
Atividades de Financiamento (458.158) (1.001.313)
Variacao Cambial sobre Caixa e Equivalentes 0 0
Aumento (Reducao) de Caixa e Equivalentes 222.947 698.350
Posicao Acionaria*
Nome %ON %PN %Total
Blackrock. Inc. 0,00 5,18 2,22
Companhia Energetica de Minas Gerais 36,97 1,28 21,68
Isa Investimentos E Participacoes Do Brasil S.A. 26,03 0,00 14,88
Outros 37,00 93,55 61,23
Acoes Tesouraria 0,00 0,00 0,00
Total 100,00 100,00 100,00
Informacao recebida em 01/03/2024.
(*)Posicao dos acionistas com mais de 5% das acoes de cada especie.
Acoes em Circulacao no Mercado
29/04/2021
Tipos de Investidores / Acoes Quantidade Percentual
Pessoas Fisicas 392.926 -
Pessoas Juridicas 445 -
Investidores Institucionais 1.175 -
Quantidade de Acoes Ordinarias 218.568.274 37,00
Quantidade de Acoes Preferenciais 437.136.468 98,72
Total de Acoes 655.704.742 63,45
Composicao do Capital Social
- 29/09/2016
Ordinarias 590.714.069- 29/09/2016
Preferenciais 442.782.652
Total 1.033.496.721"
egie3.pdf,"Atualizado em 14/03/2024, as 23h22
Dados da Companhia
Nome de Pregao: ENGIE BRASIL
Codigos de Negociacao:Mais Codigos
EGIE3
CNPJ: 02.474.103/0001-19
Atividade Principal:Geracao. Comercializacao E Transmissao de
Energia Eletrica
Classicacao Setorial:Utilidade Publica / Energia Eletrica /
Energia Eletrica
Site:www.engie.com.br
(http://www.engie.com.br)
Contatos
Plantao de Noticias delay de 15 min.
13/03/2024
ENGIE BRASIL (EGIE-NM) - Dem. Financeiras Padroes Internacionais - 31/12/23
08/03/2024
ENGIE BRASIL (EGIE-NM) - Apresentacao a analistas/agentes mercado -
08/03/24
06/03/2024
ENGIE BRASIL (EGIE-NM) - Fato Relevante - 06/03/24
05/03/2024
ENGIE BRASIL (EGIE-NM) - Ata da Reuniao do Conselho Fiscal - 27/02/24Dados Economico-Financeiros - R$ - mil
Ver dados no formato
Consolidado
Balanco Patrimonial - Consolidado 31/12/2023 31/12/2022
Ativo Imobilizado, Investimentos e Intangivel 23.368.245 21.338.326
Ativo Total 42.224.473 38.186.752
Patrimonio Liquido 9.816.210 8.440.172
Patrimonio Liquido Atribuido a Controladora 8.862.771 8.436.522
Demonstracao do Resultado - Consolidado01/01/2023 a
31/12/202301/01/2022 a
31/12/2022
Receita de Venda 10.747.784 11.906.605
Resultado Bruto 5.907.139 5.589.193
Resultado de Equivalencia Patrimonial 993.117 727.136
Resultado Financeiro (1.962.998) (2.515.290)
Resultado Liquido das Operacoes Continuadas 3.429.060 2.664.568
Lucro (Prejuizo) do Periodo 3.429.060 2.664.568
Lucro (Prejuizo) do Periodo Atribuido a Controladora 3.429.555 2.663.079
Demonstracao do Fluxo de Caixa - Consolidado01/01/2023 a
31/12/202301/01/2022 a
31/12/2022
Atividades Operacionais 4.585.942 3.337.493
Atividades de Investimento (2.042.414) (1.784.437)
Atividades de Financiamento 476.352 (4.473.575)
Variacao Cambial sobre Caixa e Equivalentes 0 0
05/03/2024
ENGIE BRASIL (EGIE-NM) - VM Posicao Individual (Cia,Controladas e
Coligadas)
MAIS NOTICIASDemonstracao do Fluxo de Caixa - Consolidado01/01/2023 a
31/12/202301/01/2022 a
31/12/2022
Aumento (Reducao) de Caixa e Equivalentes 3.019.880 (2.920.519)
Posicao Acionaria*
Nome %ON %PN %Total
Banco Classico S.A. 9,86 0,00 9,86
Engie Brasil Participacoes Ltda. 68,71 0,00 68,71
Outros 21,43 0,00 21,43
Acoes Tesouraria 0,00 0,00 0,00
Total 100,00 0,00 100,00
Informacao recebida em 07/03/2024.
(*)Posicao dos acionistas com mais de 5% das acoes de cada especie.
Acoes em Circulacao no Mercado
28/04/2022
Tipos de Investidores / Acoes Quantidade Percentual
Pessoas Fisicas 253.048 -
Pessoas Juridicas 8.166 -
Investidores Institucionais 1.122 -
Quantidade de Acoes Ordinarias 255.208.461 31,28
Total de Acoes 255.208.461 31,28
Composicao do Capital Social
- 07/12/2018
Ordinarias 815.927.740
Preferenciais 0
Total 815.927.740"
cple6.pdf,"Atualizado em 14/03/2024, as 23h15
Dados da Companhia
Nome de Pregao: COPEL
Codigos de Negociacao:Mais Codigos
CPLE3; CPLE5; CPLE6
CNPJ: 76.483.817/0001-20
Atividade Principal:Geracao. Transmissao. Comercializacao E
Distribuicao de Energia Eletrica
Classicacao Setorial:Utilidade Publica / Energia Eletrica /
Energia Eletrica
Site: http://ri.copel.com (http://http://ri.copel.com)
Contatos
Plantao de Noticias delay de 15 min.
14/03/2024
COPEL (CPLE-N2) - Aquisicao de Participacao Acionaria - 14/03/24
11/03/2024
COPEL (CPLE-N2) - Mudanca de Auditor - 07/07/24
11/03/2024
COPEL (CPLE-N2) - Ata da Reuniao do Conselho Fiscal - 29/02/24
11/03/2024
COPEL (CPLE-N2) - Ata Reuniao do Conselho de Administracao - 29/02/24
06/03/2024
COPEL (CPLE-N2) - Outros Comunicados ao Mercado - 06/03/24Dados Economico-Financeiros - R$ - mil
Ver dados no formato
ConsolidadoCompliance
Multas Aplicadas por descumprimento das obrigacoes
Balanco Patrimonial - Consolidado 31/12/2023 31/12/2022
Ativo Imobilizado, Investimentos e Intangivel 25.507.307 23.672.926
Ativo Total 55.819.074 49.703.700
Patrimonio Liquido 24.191.667 21.131.225
Patrimonio Liquido Atribuido a Controladora 23.886.153 20.817.364
Demonstracao do Resultado - Consolidado01/01/2023 a
31/12/202301/01/2022 a
31/12/2022
Receita de Venda 21.479.468 20.535.341
Resultado Bruto 4.898.040 4.929.757
Resultado de Equivalencia Patrimonial 307.809 478.577
Resultado Financeiro (1.204.990) (2.005.884)
Resultado Liquido das Operacoes Continuadas 2.135.667 1.223.987
Lucro (Prejuizo) do Periodo 2.327.168 1.149.321
Lucro (Prejuizo) do Periodo Atribuido a Controladora 2.258.810 1.112.007
Demonstracao do Fluxo de Caixa - Consolidado01/01/2023 a
31/12/202301/01/2022 a
31/12/2022
Atividades Operacionais 3.518.476 3.902.649
Atividades de Investimento (3.135.091) (2.774.996)MAIS NOTICIASDemonstracao do Fluxo de Caixa - Consolidado01/01/2023 a
31/12/202301/01/2022 a
31/12/2022
Atividades de Financiamento 2.696.572 (1.922.041)
Variacao Cambial sobre Caixa e Equivalentes 0 0
Aumento (Reducao) de Caixa e Equivalentes 3.079.957 (794.388)
Posicao Acionaria*
Nome %ON %PN %Total
Bndes Participacoes S.A. - Bndespar 10,09 31,18 21,99
Estado Do Parana 27,57 6,90 15,91
Gqg Partners Llc. 4,53 0,00 1,97
Radar Gestora de Recursos Ltda 0,00 5,93 3,35
Victor Adler 0,31 0,27 0,28
Outros 57,50 55,72 56,50
Acoes Tesouraria 0,00 0,00 0,00
Total 100,00 100,00 100,00
Informacao recebida em 29/02/2024.
(*)Posicao dos acionistas com mais de 5% das acoes de cada especie.
Acoes em Circulacao no Mercado
29/04/2022
Tipos de Investidores / Acoes Quantidade Percentual
Pessoas Fisicas 262.684 -
Pessoas Juridicas 950 -
Investidores Institucionais 1.075 -
Quantidade de Acoes Ordinarias 319.774.264 30,34
Quantidade de Acoes Preferenciais 1.566.493.506 93,11
Total de Acoes 1.886.267.770 68,93Composicao do Capital Social
- 06/09/2023
Ordinarias 1.300.347.300
Preferenciais 1.682.463.291
Total 2.982.810.591"
mglu3.pdf,"Atualizado em 14/03/2024, as 23h34
Dados da Companhia
Nome de Pregao: MAGAZ LUIZA
Codigos de Negociacao:Mais Codigos
MGLU3
CNPJ: 47.960.950/0001-21
Atividade Principal:Somos Uma Plataforma de Varejo
Multicanal.
Classicacao Setorial:Consumo Ciclico / Comercio /
Eletrodomesticos
Site:www.magazineluiza.com.br
(http://www.magazineluiza.com.br)
Contatos
Plantao de Noticias delay de 15 min.
08/03/2024
MAGAZ LUIZA (MGLU-NM) - VM Posicao Individual (Cia,Controladas e
Coligadas)
07/03/2024
MAGAZ LUIZA (MGLU-NM) - Aviso aos Acionistas - 06/03/24 (N)
06/03/2024
MAGAZ LUIZA (MGLU-NM) - Aviso aos Acionistas - 06/03/24
MAIS NOTICIASDados Economico-Financeiros - R$ - mil
Ver dados no formato
Consolidado
Balanco Patrimonial - Consolidado 30/09/2023 31/12/2022
Ativo Imobilizado, Investimentos e Intangivel 9.998.927 10.233.319
Ativo Total 36.918.960 38.098.122
Patrimonio Liquido 9.532.654 9.726.584
Patrimonio Liquido Atribuido a Controladora 9.532.654 9.726.584
Demonstracao do Resultado - Consolidado01/01/2023 a
30/09/202301/01/2022 a
30/09/2022
Receita de Venda 26.218.408 26.131.584
Resultado Bruto 7.697.584 7.033.035
Resultado de Equivalencia Patrimonial (28.353) (25.944)
Resultado Financeiro (1.465.059) (1.472.233)
Resultado Liquido das Operacoes Continuadas (269.183) (665.131)
Lucro (Prejuizo) do Periodo (269.183) (665.131)
Lucro (Prejuizo) do Periodo Atribuido a Controladora (269.183) (665.131)
Demonstracao do Fluxo de Caixa - Consolidado01/01/2023 a
30/09/202301/01/2022 a
30/09/2022
Atividades Operacionais 2.597.830 1.761.045
Atividades de Investimento (142.593) (1.090.468)
Atividades de Financiamento (2.071.259) (1.424.585)
Variacao Cambial sobre Caixa e Equivalentes 0 0
Aumento (Reducao) de Caixa e Equivalentes 383.978 (754.008)
Posicao Acionaria*
Nome %ON %PN %Total
Fabricio Bittar Garcia 0,11 0,00 0,11
Fernando Henrique Borges Trajano 0,32 0,00 0,32Nome %ON %PN %Total
Flavia Bittar Garcia Faleiros 0,06 0,00 0,06
Franco Bittar Garcia 0,05 0,00 0,05
Ismael Borges Trajano 0,32 0,00 0,32
Ltd Administracao E Participacoes S.A. 51,40 0,00 51,40
Luiza Helena Trajano Inacio Rodrigues 0,86 0,00 0,86
Wagner Garcia Participacoes S.A. 3,09 0,00 3,09
Outros 42,75 0,00 42,75
Acoes Tesouraria 1,06 0,00 1,06
Total 100,00 0,00 100,00
Informacao recebida em 31/01/2024.
(*)Posicao dos acionistas com mais de 5% das acoes de cada especie.
Acoes em Circulacao no Mercado
18/04/2022
Tipos de Investidores / Acoes Quantidade Percentual
Pessoas Fisicas 579.661 -
Pessoas Juridicas 2.405 -
Investidores Institucionais 924 -
Quantidade de Acoes Ordinarias 2.874.188.573 42,59
Total de Acoes 2.874.188.573 42,59
Composicao do Capital Social
- 26/08/2021
Ordinarias 6.748.926.848
Preferenciais 0
Total 6.748.926.848"
bbse3.pdf,"Atualizado em 14/03/2024, as 23h10
Dados da Companhia
Nome de Pregao: BBSEGURIDADE
Codigos de Negociacao:Mais Codigos
BBSE3
CNPJ: 17.344.597/0001-94
Atividade Principal:Participacao No Capital Social de Outras
Sociedades Que Realizem Quaisquer
Atividades Reguladas Pela Susep E Ans.
Alem de Corretagem Desses Produtos.
Classicacao Setorial:Financeiro / Previdencia e Seguros /
Seguradoras
Site:www.bbseguridaderi.com.br
(http://www.bbseguridaderi.com.br)
Contatos
Plantao de Noticias delay de 15 min.
15/03/2024
BBSEGURIDADE (BBSE-NM) - Outros Comunicados ao Mercado - 15/03/24
12/03/2024
BBSEGURIDADE (BBSE-NM) - Transacao entre Partes Relacionadas - 01/03/24
06/03/2024
BBSEGURIDADE (BBSE-NM) - VM Posicao Individual (Cia,Controladas e
Coligadas)
05/03/2024
BBSEGURIDADE (BBSE-NM) - Ata Reuniao do Conselho de Administracao -
23/02/24Dados Economico-Financeiros - R$ - mil
Ver dados no formato
ConsolidadoCompliance
Multas Aplicadas por descumprimento das obrigacoes
Balanco Patrimonial - Consolidado 31/12/2023 31/12/2022
Ativo Imobilizado, Investimentos e Intangivel 9.335.492 7.961.460
Ativo Total 18.272.622 16.570.461
Patrimonio Liquido 9.816.482 8.036.730
Patrimonio Liquido Atribuido a Controladora 9.816.482 8.036.730
Demonstracao do Resultado - Consolidado01/01/2023 a
31/12/202301/01/2022 a
31/12/2022
Receitas das Operacoes 0 0
Resultado Bruto 0 0
Resultado de Equivalencia Patrimonial 4.890.458 3.515.609
Resultado Financeiro 587.545 502.562
Resultado Liquido das Operacoes Continuadas 7.947.203 6.196.415
Lucro (Prejuizo) do Periodo 7.947.203 6.196.415
Lucro (Prejuizo) do Periodo Atribuido a Controladora 7.947.203 6.196.415
Demonstracao do Fluxo de Caixa - Consolidado01/01/2023 a
31/12/202301/01/2022 a
31/12/2022
Atividades Operacionais 3.697.841 3.275.011
Atividades de Investimento 2.563.562 2.636.797MAIS NOTICIASDemonstracao do Fluxo de Caixa - Consolidado01/01/2023 a
31/12/202301/01/2022 a
31/12/2022
Atividades de Financiamento (7.585.279) (3.925.751)
Variacao Cambial sobre Caixa e Equivalentes 0 0
Aumento (Reducao) de Caixa e Equivalentes (1.323.876) 1.986.057
Posicao Acionaria*
Nome %ON %PN %Total
Banco Do Brasil S.A. 66,25 0,00 66,25
Outros 33,59 0,00 33,59
Acoes Tesouraria 0,16 0,00 0,16
Total 100,00 0,00 100,00
Informacao recebida em 27/02/2024.
(*)Posicao dos acionistas com mais de 5% das acoes de cada especie.
Acoes em Circulacao no Mercado
29/04/2022
Tipos de Investidores / Acoes Quantidade Percentual
Pessoas Fisicas 351.530 -
Pessoas Juridicas 2.572 -
Investidores Institucionais 1.310 -
Quantidade de Acoes Ordinarias 671.682.536 33,58
Total de Acoes 671.682.536 33,58
Composicao do Capital Social
- 29/04/2022
Ordinarias 2.000.000.000
Preferenciais 0
Total 2.000.000.000"
azul4.pdf,"Atualizado em 14/03/2024, as 23h08
Dados da Companhia
Nome de Pregao: AZUL
Codigos de Negociacao:Mais Codigos
AZUL4
CNPJ: 09.305.994/0001-29
Atividade Principal: Transporte E Logistica
Classicacao Setorial:Bens Industriais / Transporte / Transporte
Aereo
Site:www.voeazul.com.br
(http://www.voeazul.com.br)
Contatos
Dados Economico-Financeiros - R$ - milPlantao de Noticias delay de 15 min.
08/03/2024
AZU L (AZU L-N2) - VM Posicao Individual (Cia,Controladas e Coligadas)
06/03/2024
AZU L (AZU L-N2) - Esclarecimentos de questionamentos CVM/B3- 05/03/24
MAIS NOTICIASVer dados no formato
Consolidado
Balanco Patrimonial - Consolidado 30/09/2023 31/12/2022
Ativo Imobilizado, Investimentos e Intangivel 11.234.848 10.932.160
Ativo Total 19.605.095 18.721.293
Patrimonio Liquido (21.286.126)(19.007.500)
Patrimonio Liquido Atribuido a Controladora (21.286.126)(19.007.500)
Demonstracao do Resultado - Consolidado01/01/2023 a
30/09/202301/01/2022 a
30/09/2022
Receita de Venda 13.648.963 11.494.615
Resultado Bruto 2.371.849 1.339.076
Resultado de Equivalencia Patrimonial 0 0
Resultado Financeiro (3.468.705) (2.166.271)
Resultado Liquido das Operacoes Continuadas (2.327.619) (1.828.420)
Lucro (Prejuizo) do Periodo (2.327.619) (1.828.420)
Lucro (Prejuizo) do Periodo Atribuido a Controladora 0 0
Demonstracao do Fluxo de Caixa - Consolidado01/01/2023 a
30/09/202301/01/2022 a
30/09/2022
Atividades Operacionais 1.540.904 1.603.988
Atividades de Investimento (729.776) (414.420)
Atividades de Financiamento (142.764) (3.174.811)
Variacao Cambial sobre Caixa e Equivalentes 62.680 15.192
Aumento (Reducao) de Caixa e Equivalentes 731.044 (1.970.051)
Posicao Acionaria*
Nome %ON %PN %Total
Calnco. Inc. 0,00 5,55 1,47
David Gary Neeleman 67,00 2,07 49,76
Rio Novo Locacoes Ltda. 2,64 0,00 1,94Nome %ON %PN %Total
Saleb Ii Founder 1 Llc 0,00 0,12 0,03
Trip Investimentos Ltda. 8,58 0,90 6,54
Trip Participacoes S.A. 21,78 3,11 16,82
Outros 0,00 88,04 23,37
Acoes Tesouraria 0,00 0,21 0,06
Total 100,00 100,00 100,00
Informacao recebida em 01/03/2024.
(*)Posicao dos acionistas com mais de 5% das acoes de cada especie.
Acoes em Circulacao no Mercado
28/04/2022
Tipos de Investidores / Acoes Quantidade Percentual
Pessoas Fisicas 133.095 -
Pessoas Juridicas 714 -
Investidores Institucionais 395 -
Quantidade de Acoes Ordinarias 306.558.420 33,00
Quantidade de Acoes Preferenciais 327.646.296 97,63
Total de Acoes 634.204.716 50,15
Composicao do Capital Social
- 09/02/2024
Ordinarias 928.965.058
Preferenciais 335.747.796
Total 1.264.712.854"
bbdc4.pdf,"Atualizado em 14/03/2024, as 23h10
Dados da Companhia
Nome de Pregao: BRADESCO
Codigos de Negociacao:Mais Codigos
BBDC3; BBDC4
CNPJ: 60.746.948/0001-12
Atividade Principal:Pratica de Operacoes Bancarias em Geral.
Inclusive Cambio
Classicacao Setorial:Financeiro / Intermediarios Financeiros /
Bancos
Site:www.bradesco.com.br
(http://www.bradesco.com.br)
Contatos
Plantao de Noticias delay de 15 min.
12/03/2024
BRADESCO (BBDC-N1) - Sumario da AGO/E - 11/03/24
12/03/2024
BRADESCO (BBDC-N1) - Calendario de Eventos Corporativos - ate 31/12/24 (R)
11/03/2024
BRADESCO (BBDC-N1) - Ato Homologatorio do Banco Central - 08/03/24
11/03/2024
BRADESCO (BBDC-N1) - VM Posicao Individual (Cia,Controladas e Coligadas)Dados Economico-Financeiros - R$ - mil
Ver dados no formato
Consolidado
Balanco Patrimonial - Consolidado 31/12/2023 31/12/2022
Ativo Imobilizado, Investimentos e Intangivel 33.225.155 30.770.935
Ativo Total 1.927.523.2491.792.288.792
Patrimonio Liquido 161.182.449 154.263.223
Demonstracao do Resultado - Consolidado01/01/2023 a
31/12/202301/01/2022 a
31/12/2022
Receita da Intermediacao Financeira 224.457.793 205.913.274
Resultado Bruto da Intermediacao Financeira 68.081.738 75.111.361
Resultado de Equivalencia Patrimonial (61.623.067)(55.418.959)
Lucro (Prejuizo) do Periodo 15.121.802 20.732.172
Demonstracao do Fluxo de Caixa - Consolidado01/01/2023 a
31/12/202301/01/2022 a
31/12/2022
Atividades Operacionais (177.628) 49.767.703
Atividades de Investimento 83.606.232 (17.778.682)
Atividades de Financiamento (23.062.770) 21.917.788
Variacao Cambial sobre Caixa e Equivalentes 239.325 892.293
Aumento (Reducao) de Caixa e Equivalentes 60.605.159 54.799.102
11/03/2024
BRADESCO (BBDC-N1) - Mapa consolidado voto a distancia - AGO/E 11/03/24
MAIS NOTICIASPosicao Acionaria*
Nome %ON %PN %Total
Cidade de Deus Cia Cial Participacoes 45,87 0,02 22,99
Fundacao Bradesco 17,16 0,00 8,59
Ncf Participacoes S.A. 8,48 2,26 5,37
Outros 28,27 97,52 62,84
Acoes Tesouraria 0,23 0,20 0,21
Total 100,00 100,00 100,00
Informacao recebida em 11/03/2024.
(*)Posicao dos acionistas com mais de 5% das acoes de cada especie.
Acoes em Circulacao no Mercado
27/12/2022
Tipos de Investidores / Acoes Quantidade Percentual
Pessoas Fisicas 798.152 -
Pessoas Juridicas 35.088 -
Investidores Institucionais 1.223 -
Quantidade de Acoes Ordinarias 1.500.631.902 28,11
Quantidade de Acoes Preferenciais 5.146.612.491 96,74
Total de Acoes 6.647.244.393 62,37
Composicao do Capital Social
- 10/03/2023
Ordinarias 5.330.304.681
Preferenciais 5.311.865.547
Total 10.642.170.228"
petr3.pdf,"Atualizado em 14/03/2024, as 23h39
Dados da Companhia
Nome de Pregao: PETROBRAS
Codigos de Negociacao:Mais Codigos
PETR3; PETR4
CNPJ: 33.000.167/0001-01
Atividade Principal:Pesquisa. Lavra. Renacao. Processamento.
Comercio E Transporte de Petroleo. de Seus
Derivados. de Gas Natural E de Outros
Hidrocarbonetos Fluidos. Alem Das
Atividades Vinculadas a Energia.
Classicacao Setorial:Petroleo. Gas e Biocombustiveis / Petroleo.
Gas e Biocombustiveis / Exploracao. Reno
e Distribuicao
Site:www.petrobras.com.br
(http://www.petrobras.com.br)
Contatos
Plantao de Noticias delay de 15 min.
15/03/2024
PETROBRAS (PETR-N2) - Outros Comunicados ao Mercado - 14/03/24
14/03/2024
PETROBRAS (PETR-N2) - Aviso aos Debenturistas - 14/03/24
14/03/2024
PETROBRAS (PETR-N2) - Fato Relevante - 13/03/24 (N)Dados Economico-Financeiros - R$ - mil
Ver dados no formato
ConsolidadoCompliance
14/03/2024
PETROBRAS (PETR-N2) - Fato Relevante - 13/03/24
14/03/2024
PETROBRAS (PETR-N2) - Outros Comunicados ao Mercado - 13/03/24
MAIS NOTICIAS
Condicoes Excepcionais
A B3, mediante solicitacao devidamente fundamentada, concedeu a Companhia
tratamento excepcional, nos termos do item 14.4 do Regulamento do Nivel 2. Nesse
sentido, foi permitida a listagem da Companhia sem que fosse assegurado o direito de
voto as acoes preferenciais, considerando (i) o disposto na Lei 9.478/97 (Lei do Petroleo); (ii)
o mecanismo de compensacao proposto pela Companhia, segundo o qual (a) o atual
Comite de Minoritarios teria suas atribuicoes ampliadas, passando a examinar e opinar, em
carater consultivo e nao vinculante, sobre as proposicoes relativas as materias em que as
acoes preferenciais deveriam ter direito de voto; e (b) o relatorio ou parecer do Comite e a
manifestacao do Conselho de Administracao, quando esta divergisse do parecer do
Comite, seriam incluidos na proposta da administracao que instruiria o voto dos acionistas
em assembleia; e (iii) a composicao do conselho de administracao da Companhia (no
minimo, 40% de conselheiros independentes). Caso a Lei do Petroleo seja alterada,
passando a permitir que as acoes preferenciais tenham direito de voto, o tratamento
excepcional sera automaticamente revogado e a Companhia devera passar a observar o
Regulamento na integra. Caso a Companhia nao adote as medidas necessarias, estara
sujeita a aplicacao de sancoes nos termos do Regulamento do Nivel 2 e do respectivo
Regulamento de Sancoes. O tratamento excepcional sera igualmente revogado se (i) o
mecanismo de compensacao nao for observado; (ii) o estatuto social for alterado, passando
a prever numero minimo de conselheiros independentes inferior a 40%; ou (iii) o Conselho
de Administracao passar a ser composto por menos de 40% de membros independentes.
Tambem nesses casos a Companhia cara sujeita a aplicacao de sancoes.Balanco Patrimonial - Consolidado 31/12/2023 31/12/2022
Ativo Imobilizado, Investimentos e Intangivel 764.074.000 702.935.000
Ativo Total 1.050.888.000976.709.000
Patrimonio Liquido 382.340.000364.385.000
Patrimonio Liquido Atribuido a Controladora 380.441.000362.594.000
Demonstracao do Resultado - Consolidado01/01/2023 a
31/12/202301/01/2022 a
31/12/2022
Receita de Venda 511.994.000 641.256.000
Resultado Bruto 269.933.000 334.100.000
Resultado de Equivalencia Patrimonial (1.480.000) 1.291.000
Resultado Financeiro (11.861.000)(19.257.000)
Resultado Liquido das Operacoes Continuadas 125.166.000 189.005.000
Lucro (Prejuizo) do Periodo 125.166.000 189.005.000
Lucro (Prejuizo) do Periodo Atribuido a Controladora 124.606.000 188.328.000
Demonstracao do Fluxo de Caixa - Consolidado01/01/2023 a
31/12/202301/01/2022 a
31/12/2022
Atividades Operacionais 215.696.000 255.410.000
Atividades de Investimento (39.495.000) (4.377.000)
Atividades de Financiamento (153.435.000)(264.156.000)
Variacao Cambial sobre Caixa e Equivalentes (2.876.000) (3.636.000)
Aumento (Reducao) de Caixa e Equivalentes 19.890.000 (16.759.000)
Posicao Acionaria*
Nome %ON %PN %Total
Banco Nacional de Desenvolvimento Economico E Social - Bndes 0,00 2,41 1,04
Bndes Participacoes - Bndespar 0,00 16,07 6,90
Blackrock Inc 0,00 5,01 2,15
Gqg Partners Llc 5,64 5,20 5,45
Uniao Federal 50,26 0,00 28,68Nome %ON %PN %Total
Outros 44,10 71,31 55,78
Acoes Tesouraria 0,00 0,00 0,00
Total 100,00100,00100,00
Informacao recebida em 31/01/2024.
(*)Posicao dos acionistas com mais de 5% das acoes de cada especie.
Acoes em Circulacao no Mercado
30/11/2022
Tipos de Investidores / Acoes Quantidade Percentual
Pessoas Fisicas 858.992 -
Pessoas Juridicas 5.807 -
Investidores Institucionais 2.748 -
Quantidade de Acoes Ordinarias 3.701.760.571 49,74
Quantidade de Acoes Preferenciais 4.566.511.125 81,52
Total de Acoes 8.268.271.696 63,39
Composicao do Capital Social
- 02/04/2014
Ordinarias 7.442.454.142
Preferenciais 5.602.042.788
Total 13.044.496.930"
brkm5.pdf,"Atualizado em 14/03/2024, as 23h11
Dados da Companhia
Nome de Pregao: BRASKEM
Codigos de Negociacao:Mais Codigos
BRKM3; BRKM5; BRKM6
CNPJ: 42.150.391/0001-70
Atividade Principal:Producao de Produtos Quimicos. Utilidades.
Energia Eletrica E Outros;prestacao de
Servicos Industriais;participacao em Outras
Sociedades;locacao de Bens;
Representacao/consignacao de Produtos
Quimicos
Classicacao Setorial:Materiais Basicos / Quimicos /
Petroquimicos
Site:www.braskem.com.br
(http://www.braskem.com.br)
Contatos
Plantao de Noticias delay de 15 min.
15/03/2024
BRASKEM (BRKM-N1) - Acordo de Acionistas - 06/03/24
14/03/2024
BRASKEM (BRKM-N1) - Outros Comunicados ao Mercado - 14/03/24
08/03/2024
BRASKEM (BRKM-N1) - VM Posicao Individual (Cia,Controladas e Coligadas)Dados Economico-Financeiros - R$ - mil
Ver dados no formato
ConsolidadoCompliance
Multas Aplicadas por descumprimento das obrigacoes
Balanco Patrimonial - Consolidado 30/09/2023 31/12/2022
Ativo Imobilizado, Investimentos e Intangivel 45.391.089 44.887.449
Ativo Total 92.015.333 88.048.858
Patrimonio Liquido 4.378.023 6.108.217
Patrimonio Liquido Atribuido a Controladora 5.022.596 7.321.799
Demonstracao do Resultado - Consolidado01/01/2023 a
30/09/202301/01/2022 a
30/09/2022
Receita de Venda 53.877.726 77.529.527
Resultado Bruto 2.012.518 11.437.044
Resultado de Equivalencia Patrimonial 7.952 26.307
Resultado Financeiro (2.601.325) (3.840.865)
Resultado Liquido das Operacoes Continuadas (3.138.992) 1.062.888
Lucro (Prejuizo) do Periodo (3.138.992) 1.062.888
Lucro (Prejuizo) do Periodo Atribuido a Controladora (3.004.369) 1.374.797
Demonstracao do Fluxo de Caixa - Consolidado01/01/2023 a
30/09/202301/01/2022 a
30/09/2022
Atividades Operacionais (3.286.005) 6.640.981
Atividades de Investimento (3.016.941) (3.410.710)MAIS NOTICIASDemonstracao do Fluxo de Caixa - Consolidado01/01/2023 a
30/09/202301/01/2022 a
30/09/2022
Atividades de Financiamento 7.714.353 79.419
Variacao Cambial sobre Caixa e Equivalentes (241.042) (253.216)
Aumento (Reducao) de Caixa e Equivalentes 1.170.365 3.056.474
Posicao Acionaria*
Nome %ON %PN %Total
Adr's 0,00 16,22 7,03
Norges Bank 0,00 4,91 2,13
Novonor S.A. - em Recuperacao Judicial 0,00 0,00 0,00
Nsp Investimentos S.A. - em Recuperacao Judicial 50,11 22,92 38,32
Petroleo Brasileiro S.A. - Petrobras 47,03 21,93 36,15
Outros 2,86 34,03 16,37
Acoes Tesouraria 0,00 0,00 0,00
Total 100,00 100,00 100,00
Informacao recebida em 30/11/2023.
(*)Posicao dos acionistas com mais de 5% das acoes de cada especie.
Acoes em Circulacao no Mercado
19/04/2022
Tipos de Investidores / Acoes Quantidade Percentual
Pessoas Fisicas 49.621 -
Pessoas Juridicas 3.630 -
Investidores Institucionais 373 -
Quantidade de Acoes Ordinarias 12.907.077 2,86
Quantidade de Acoes Preferenciais 265.691.276 77,00
Total de Acoes 278.598.353 34,95Composicao do Capital Social
- 18/02/2022
Ordinarias 451.668.652
Preferenciais 345.539.182
Total 797.207.834"
bbas3.pdf,"Atualizado em 14/03/2024, as 23h10
Dados da Companhia
Nome de Pregao: BRASIL
Codigos de Negociacao:Mais Codigos
BBAS11; BBAS12; BBAS3
CNPJ: 00.000.000/0001-91
Atividade Principal: Banco Multiplo
Classicacao Setorial:Financeiro / Intermediarios Financeiros /
Bancos
Site: www.bb.com.br (http://www.bb.com.br)
Contatos
Plantao de Noticias delay de 15 min.
12/03/2024
BRASIL (BBAS-NM) - Ata de Reuniao do Conselho Consultivo - 01/02/24
12/03/2024
BRASIL (BBAS-NM) - Transacao entre Partes Relacionadas - 01/03/24
11/03/2024
BRASIL (BBAS-NM) - VM Posicao Individual (Cia,Controladas e Coligadas)
05/03/2024
BRASIL (BBAS-NM) - Apresentacao a analistas/agentes mercado - 05/03/24
05/03/2024
BRASIL (BBAS-NM) - Ata Reuniao do Conselho de Administracao - 23/02/24Dados Economico-Financeiros - R$ - mil
Ver dados no formato
ConsolidadoCompliance
Multas Aplicadas por descumprimento das obrigacoes
Balanco Patrimonial - Consolidado 31/12/2023 31/12/2022
Ativo Imobilizado, Investimentos e Intangivel 24.919.935 24.231.113
Ativo Total 2.153.878.4522.008.168.606
Patrimonio Liquido 163.638.226 153.839.319
Demonstracao do Resultado - Consolidado01/01/2023 a
31/12/202301/01/2022 a
31/12/2022
Receita da Intermediacao Financeira 265.438.605 236.549.051
Resultado Bruto da Intermediacao Financeira 88.748.731 74.346.567
Resultado de Equivalencia Patrimonial (23.626.688)(20.959.329)
Lucro (Prejuizo) do Periodo 33.614.852 30.897.625
Demonstracao do Fluxo de Caixa - Consolidado01/01/2023 a
31/12/202301/01/2022 a
31/12/2022
Atividades Operacionais 14.740.786 66.057.337
Atividades de Investimento 21.641.070 (18.010.230)
Atividades de Financiamento (34.341.950)(28.214.362)
Variacao Cambial sobre Caixa e Equivalentes (15.866.370) (5.501.147)
Aumento (Reducao) de Caixa e Equivalentes (13.826.464) 14.331.598MAIS NOTICIASPosicao Acionaria*
Nome %ON %PN %Total
Ministerio Da Econom ia / Secretaria Do Tesouro Nacional 50,00 0,00 50,00
Outros 49,60 0,00 49,60
Acoes Tesouraria 0,41 0,00 0,41
Total 100,00 0,00 100,00
Informacao recebida em 05/03/2024.
(*)Posicao dos acionistas com mais de 5% das acoes de cada especie.
Acoes em Circulacao no Mercado
27/04/2022
Tipos de Investidores / Acoes Quantidade Percentual
Pessoas Fisicas 853.913 -
Pessoas Juridicas 15.061 -
Investidores Institucionais 1.438 -
Quantidade de Acoes Ordinarias 1.420.731.069 49,58
Total de Acoes 1.420.731.069 49,58
Composicao do Capital Social
- 28/04/2023
Ordinarias 2.865.417.020
Preferenciais 0
Total 2.865.417.020"
petz3.pdf,"Atualizado em 14/03/2024, as 23h39
Dados da Companhia
Nome de Pregao: PETZ
Codigos de Negociacao:Mais Codigos
PETZ3
CNPJ: 18.328.118/0001-09
Atividade Principal:Importacao. Exportacao E Comercio
(inclusive Via Internet E-commerce) de
Artigos Para Animais. Plantas. Flores.
Sementes; Hospital Veterinario. Consultorio.
Clinica Veterinaria. Banho/ tosa E Hotel.
Classicacao Setorial:Consumo Ciclico / Comercio / Produtos
Diversos
Site: www.petz.com.br (http://www.petz.com.br)
Contatos
Plantao de Noticias delay de 15 min.
14/03/2024
PETZ (PETZ-NM) - Aquisicao de Participacao Acionaria - 14/03/24
12/03/2024
PETZ (PETZ-NM) - VM Posicao Individual (Cia,Controladas e Coligadas)
08/03/2024
PETZ (PETZ-NM) - Apresentacao a analistas/agentes mercado - 31/12/23
08/03/2024
PETZ (PETZ-NM) - Apresentacao a analistas/agentes mercado - 31/12/23Dados Economico-Financeiros - R$ - mil
Ver dados no formato
Consolidado
Balanco Patrimonial - Consolidado 31/12/2023 31/12/2022
Ativo Imobilizado, Investimentos e Intangivel 2.465.776 2.449.887
Ativo Total 3.995.411 3.647.129
Patrimonio Liquido 1.808.893 1.840.572
Patrimonio Liquido Atribuido a Controladora 1.808.893 1.840.572
Demonstracao do Resultado - Consolidado01/01/2023 a
31/12/202301/01/2022 a
31/12/2022
Receita de Venda 3.173.241 2.834.533
Resultado Bruto 1.481.788 1.350.572
Resultado de Equivalencia Patrimonial 0 0
Resultado Financeiro (101.578) (61.231)
Resultado Liquido das Operacoes Continuadas 16.349 50.590
Lucro (Prejuizo) do Periodo 16.349 50.590
Lucro (Prejuizo) do Periodo Atribuido a Controladora 0 0
Demonstracao do Fluxo de Caixa - Consolidado01/01/2023 a
31/12/202301/01/2022 a
31/12/2022
Atividades Operacionais 429.095 202.790
Atividades de Investimento (616.532) (396.406)
Atividades de Financiamento 120.319 (294.645)
Variacao Cambial sobre Caixa e Equivalentes (62.068) 0
08/03/2024
PETZ (PETZ-NM) - Demonstracoes Financeiras - DFP de 31/12/23
MAIS NOTICIASDemonstracao do Fluxo de Caixa - Consolidado01/01/2023 a
31/12/202301/01/2022 a
31/12/2022
Aumento (Reducao) de Caixa e Equivalentes (129.186) (488.261)
Posicao Acionaria*
Nome %ON %PN %Total
Atmos Capital Gestao de Recursos Ltda 5,450,00 5,45
Platina 55 Fim 2,590,00 2,59
Sergio Zimerman 26,470,00 26,47
Xp Investimentos Corretora de Cambio. Titulos E Valores Mobiliarios
S.A.8,420,00 8,42
Outros 54,560,00 54,56
Acoes Tesouraria 2,510,00 2,51
Total 100,000,00100,00
Informacao recebida em 27/02/2024.
(*)Posicao dos acionistas com mais de 5% das acoes de cada especie.
Acoes em Circulacao no Mercado
26/04/2022
Tipos de Investidores / Acoes Quantidade Percentual
Pessoas Fisicas 93.903 -
Pessoas Juridicas 282 -
Investidores Institucionais 1.146 -
Quantidade de Acoes Ordinarias 335.865.260 72,62
Total de Acoes 335.865.260 72,62
Composicao do Capital Social
- 31/08/2023
Ordinarias 462.523.502
Preferenciais 0
Total 462.523.502"
igti11.pdf,"Atualizado em 14/03/2024, as 23h28
Dados da Companhia
Nome de Pregao: IGUATEMI S.A
Codigos de Negociacao:Mais Codigos
IGTI11; IGTI3; IGTI4
CNPJ: 60.543.816/0001-93
Atividade Principal:Exploracao Comercial. Adminstracao E
Planejamento de Shop ping Centers
(conforme Artigo 3o. Do Estatuto Social)
Classicacao Setorial:Financeiro / Exploracao de Imoveis /
Exploracao de Imoveis
Site:ri.iguatemi.com.br
(http://ri.iguatemi.com.br)
Contatos
Plantao de Noticias delay de 15 min.
13/03/2024
IGUATEMI S.A (IGTI-N1) - Outros Comunicados ao Mercado - 13/03/24
13/03/2024
IGUATEMI S.A (IGTI-N1) - Apresentacao a analistas/agentes mercado - 12/03/24
08/03/2024
IGUATEMI S.A (IGTI-N1) - Outros Comunicados ao Mercado - 08/03/24
06/03/2024
IGUATEMI S.A (IGTI-N1) - VM Posicao Individual (Cia,Controladas e Coligadas)Dados Economico-Financeiros - R$ - mil
Ver dados no formato
Consolidado
Balanco Patrimonial - Consolidado 31/12/2023 31/12/2022
Ativo Imobilizado, Investimentos e Intangivel 5.539.905 5.493.036
Ativo Total 7.791.679 8.048.137
Patrimonio Liquido 4.177.518 4.107.688
Patrimonio Liquido Atribuido a Controladora 4.177.323 4.093.329
Demonstracao do Resultado - Consolidado01/01/2023 a
31/12/202301/01/2022 a
31/12/2022
Receita de Venda 1.157.163 1.016.341
Resultado Bruto 738.955 595.457
Resultado de Equivalencia Patrimonial (33.787) (4.400)
Resultado Financeiro (260.331) (625.684)
Resultado Liquido das Operacoes Continuadas 308.934 12.821
Lucro (Prejuizo) do Periodo 308.934 12.821
Lucro (Prejuizo) do Periodo Atribuido a Controladora 304.713 7.568
Demonstracao do Fluxo de Caixa - Consolidado01/01/2023 a
31/12/202301/01/2022 a
31/12/2022
Atividades Operacionais 378.103 192.739
Atividades de Investimento (458.186) (410.805)
Atividades de Financiamento 87.392 231.300
Variacao Cambial sobre Caixa e Equivalentes 0 0
Aumento (Reducao) de Caixa e Equivalentes 7.309 13.234MAIS NOTICIASPosicao Acionaria*
Nome %ON %PN %Total
Blackrock 1,39 4,99 2,68
Cesena Sp Empreendimentos Imobiliarios S.A. 0,05 0,00 0,03
Diana Jereissati Legey 1,73 0,00 1,11
Gj Investimentos E Participacoes S.A. 62,52 1,62 40,67
Grande Moinho Cearense S.A. 0,11 0,00 0,07
Kalila Representacoes Comerciais Ltda 0,18 0,30 0,23
Lfj Participacoes Ltda 0,03 0,00 0,02
Lia Ribeiro Jereissati 1,72 0,00 1,11
Mlrj Imobiliaria S.A. 0,01 0,00 0,01
Norges Bank 2,85 10,63 5,64
Oceana Investimentos Administradora de Carteira de Valores
Mobiliarios Ltda2,75 9,81 5,28
Shop ping Center Reunidos Do Brasil Ltda. (scrb) 0,00 0,00 0,00
Vera Ribeiro Jereissati 1,73 0,00 1,11
Outros 24,70 71,85 41,61
Acoes Tesouraria 0,23 0,81 0,44
Total 100,00100,00100,00
Informacao recebida em 23/02/2024.
(*)Posicao dos acionistas com mais de 5% das acoes de cada especie.
Acoes em Circulacao no Mercado
01/02/2023
Tipos de Investidores / Acoes Quantidade Percentual
Pessoas Fisicas 56.072 -
Pessoas Juridicas 1.375 -
Investidores Institucionais 49 -
Quantidade de Acoes Ordinarias 249.585.008 36,65
Quantidade de Acoes Preferenciais 431.482.110 63,3501/02/2023
Tipos de Investidores / Acoes Quantidade Percentual
Total de Acoes 681.067.118 55,61
Composicao do Capital Social
- 01/02/2023
Ordinarias 785.167.052
Preferenciais 439.642.726
Total 1.224.809.778"
tims3.pdf,"Atualizado em 14/03/2024, as 23h47
Dados da Companhia
Nome de Pregao: TIM
Codigos de Negociacao:Mais Codigos
TIMS3
CNPJ: 02.421.421/0001-11
Atividade Principal:
Classicacao Setorial:Comunicacoes / Telecomunicacoes /
Telecomunicacoes
Contatos
Plantao de Noticias delay de 15 min.
11/03/2024
TIM (TIMS-NM) - Outros Comunicados ao Mercado - 11/03/24
11/03/2024
TIM (TIMS-NM) - Edital de Convocacao de AGO/E - 28/03/24 (N)
08/03/2024
TIM (TIMS-NM) - VM Posicao Individual (Cia,Controladas e Coligadas)
08/03/2024
TIM (TIMS-NM) - Proposta da Administracao para AGO/E - 28/03/24 (R)
07/03/2024
TIM (TIMS-NM) - Apresentacao a analistas/agentes mercado - 07/03/24Dados Economico-Financeiros - R$ - mil
Ver dados no formato
Consolidado
Balanco Patrimonial - Consolidado 31/12/2023 31/12/2022
Ativo Imobilizado, Investimentos e Intangivel 39.487.668 40.617.816
Ativo Total 55.260.156 56.408.367
Patrimonio Liquido 26.015.940 25.397.365
Patrimonio Liquido Atribuido a Controladora 26.015.940 25.397.365
Demonstracao do Resultado - Consolidado01/01/2023 a
31/12/202301/01/2022 a
31/12/2022
Receita de Venda 23.833.893 21.530.801
Resultado Bruto 12.337.456 10.874.820
Resultado de Equivalencia Patrimonial (89.304) (61.587)
Resultado Financeiro (1.533.265) (1.439.008)
Resultado Liquido das Operacoes Continuadas 2.837.422 1.670.755
Lucro (Prejuizo) do Periodo 2.837.422 1.670.755
Lucro (Prejuizo) do Periodo Atribuido a Controladora 0 0
Demonstracao do Fluxo de Caixa - Consolidado01/01/2023 a
31/12/202301/01/2022 a
31/12/2022
Atividades Operacionais 12.420.656 9.162.259
Atividades de Investimento (4.683.538) (8.353.129)
Atividades de Financiamento (7.207.900) (3.489.032)
Variacao Cambial sobre Caixa e Equivalentes 0 0
Aumento (Reducao) de Caixa e Equivalentes 529.218 (2.679.902)MAIS NOTICIASPosicao Acionaria*
Nome %ON %PN %Total
Tim Brasil Servicos E Participacoes S.A. 66,60 0,00 66,60
Outros 33,40 0,00 33,40
Acoes Tesouraria 0,00 0,00 0,00
Total 100,00 0,00 100,00
Informacao recebida em 22/02/2024.
(*)Posicao dos acionistas com mais de 5% das acoes de cada especie.
Acoes em Circulacao no Mercado
29/03/2022
Tipos de Investidores / Acoes Quantidade Percentual
Pessoas Fisicas 1.259.476 -
Pessoas Juridicas 229.157 -
Investidores Institucionais 83 -
Quantidade de Acoes Ordinarias 808.436.195 33,39
Total de Acoes 808.436.195 33,39
Composicao do Capital Social
- 28/09/2020
Ordinarias 2.420.804.398
Preferenciais 0
Total 2.420.804.398"
abev3.pdf,"Atualizado em 14/03/2024, as 23h06
Dados da Companhia
Nome de Pregao: AMBEV S/A
Codigos de Negociacao:Mais Codigos
ABEV3
CNPJ: 07.526.557/0001-00
Atividade Principal:Fabricacao E Distribuicao de Cervejas.
Refrigerantes E Bebidas Nao Carbonatadas
E Nao Alcoolicas.
Classicacao Setorial:Consumo nao Ciclico / Bebidas / Cervejas e
Refrigerantes
Site:http://ri.ambev.com.br
(http://http://ri.ambev.com.br)
Contatos
Dados Economico-Financeiros - R$ - mil
Ver dados no formato
ConsolidadoPlantao de Noticias delay de 15 min.
11/03/2024
AMBEV S/A (ABEV) - Outros Comunicados ao Mercado - 11/03/24
08/03/2024
AMBEV S/A (ABEV) - VM Posicao Individual (Cia,Controladas e Coligadas)
MAIS NOTICIASBalanco Patrimonial - Consolidado 31/12/2023 31/12/2022
Ativo Imobilizado, Investimentos e Intangivel 74.964.592 80.203.916
Ativo Total 132.644.133 137.958.083
Patrimonio Liquido 80.143.802 83.327.827
Patrimonio Liquido Atribuido a Controladora 78.969.290 81.955.633
Demonstracao do Resultado - Consolidado01/01/2023 a
31/12/202301/01/2022 a
31/12/2022
Receita de Venda 79.736.856 79.708.827
Resultado Bruto 40.445.285 39.286.758
Resultado de Equivalencia Patrimonial (185.406) (29.106)
Resultado Financeiro (3.609.752) (3.423.170)
Resultado Liquido das Operacoes Continuadas 14.960.459 14.891.291
Lucro (Prejuizo) do Periodo 14.960.459 14.891.291
Lucro (Prejuizo) do Periodo Atribuido a Controladora 14.501.944 14.457.943
Demonstracao do Fluxo de Caixa - Consolidado01/01/2023 a
31/12/202301/01/2022 a
31/12/2022
Atividades Operacionais 24.711.429 20.642.153
Atividades de Investimento (5.765.984) (5.004.139)
Atividades de Financiamento (16.115.207)(16.337.906)
Variacao Cambial sobre Caixa e Equivalentes (1.623.327) (1.045.200)
Aumento (Reducao) de Caixa e Equivalentes 1.206.911 (1.745.092)
Posicao Acionaria*
Nome %ON %PN %Total
Ambrew S.a.r.l 8,17 0,00 8,17
Fundacao Zerrenner 10,22 0,00 10,22
Interbrew International Bv 53,59 0,00 53,59
Outros 27,98 0,00 27,98
Acoes Tesouraria 0,04 0,00 0,04Nome %ON %PN %Total
Total 100,00 0,00 100,00
Informacao recebida em 06/03/2024.
(*)Posicao dos acionistas com mais de 5% das acoes de cada especie.
Acoes em Circulacao no Mercado
28/04/2023
Tipos de Investidores / Acoes Quantidade Percentual
Pessoas Fisicas 308.094 -
Pessoas Juridicas 1.897 -
Investidores Institucionais 652 -
Quantidade de Acoes Ordinarias 4.394.245.879 27,89
Total de Acoes 4.394.245.879 27,89
Composicao do Capital Social
- 25/04/2023
Ordinarias 15.753.833.284
Preferenciais 0
Total 15.753.833.284"
